status,Chipset,SIM,Cardslot,CPU,GPU,Display,price[EUR],weight[g],length[mm],width[mm],thikness[mm],Internal memory[GB],Internal memory RAM[GB],Video[fps],Battery Type[mAh],Announced,OS
161,66,23,73,116,23,46,0.08822130506160147,0.5964360587002097,0.365284178187404,0.19287833827893175,0.380952380952381,0.49606299212598426,0.4666666666666667,0.0,0.6338653941089354,0.046357615894039736,0
161,66,125,73,116,23,46,0.06520705156727066,0.4968553459119497,0.365284178187404,0.19287833827893175,0.380952380952381,0.49606299212598426,0.4666666666666667,0.0,0.6338653941089354,0.046357615894039736,0
161,66,125,73,116,23,46,0.08822130506160147,0.18532494758909857,0.39016897081413204,0.19683481701285854,0.4761904761904762,0.2440944881889764,0.4666666666666667,0.0,0.3870330755306895,0.01324503311258278,0
161,3,23,73,116,5,46,0.07671417831443607,0.9266247379454927,0.8620583717357911,0.8555885262116717,0.3904761904761905,0.49606299212598426,0.4666666666666667,0.0,0.6338653941089354,0.01986754966887417,0
161,3,23,73,116,5,46,0.09205701397732328,1.0000000000000002,1.0,1.0,0.4761904761904762,0.49606299212598426,0.4666666666666667,0.0,0.6338653941089354,0.01986754966887417,0
161,3,23,73,116,5,1,0.09589272289304508,0.9266247379454927,0.8620583717357911,0.8555885262116717,0.3904761904761905,0.49606299212598426,0.4666666666666667,0.0,0.6338653941089354,0.01986754966887417,0
161,66,23,73,116,23,22,0.08438559614587968,0.4968553459119497,0.7440860215053763,0.7240356083086055,0.24761904761904768,0.49606299212598426,0.4666666666666667,0.0,0.6338653941089354,0.01986754966887417,0
161,66,23,73,116,23,46,0.07671417831443607,0.549266247379455,0.6795698924731183,0.6523244312561821,0.39999999999999997,0.49606299212598426,0.33333333333333337,0.0,0.6338653941089354,0.01324503311258278,0
161,66,23,73,116,23,46,0.06137134265154885,0.4916142557651991,0.365284178187404,0.19287833827893175,0.39999999999999997,0.2440944881889764,0.33333333333333337,0.0,0.6338653941089354,0.01324503311258278,0
1,66,125,4,116,2,22,0.04986421590438345,0.16352201257861637,0.365284178187404,0.19287833827893175,0.3904761904761905,0.2440944881889764,0.33333333333333337,0.0,0.3870330755306895,0.046357615894039736,0
161,66,125,4,116,23,46,0.02086242079261089,0.18238993710691825,0.365284178187404,0.19287833827893175,0.4476190476190475,0.2440944881889764,0.2,0.0,0.3870330755306895,0.046357615894039736,0
161,66,125,73,116,16,46,0.08822130506160147,0.18238993710691825,0.39016897081413204,0.20079129574678534,0.4761904761904762,0.11811023622047244,0.2,0.0,0.3870330755306895,0.059602649006622516,0
161,66,125,73,116,16,46,0.08822130506160147,0.1928721174004193,0.37296466973886333,0.19238377843719096,0.4857142857142857,0.11811023622047244,0.2,0.0,0.3870330755306895,0.059602649006622516,0
37,1,23,73,28,8,46,0.1035641407244887,0.5432914046121593,0.5969278033794163,0.6636993076162215,0.5714285714285714,0.05511811023622047,0.2,0.0,0.3458943557676485,0.4768211920529801,2
37,66,125,73,25,5,46,0.04219279807293984,0.24528301886792456,0.45376344086021503,0.31157270029673595,0.523809523809524,0.023622047244094488,0.06666666666666667,0.0,0.25538917228895835,0.6821192052980132,0
37,66,18,73,116,3,46,0.07287846939871427,0.149895178197065,0.33732718894009217,0.18595450049455986,0.43809523809523815,0.05511811023622047,0.13333333333333336,0.0,0.3113378311666941,0.6821192052980132,0
37,66,18,73,25,5,46,0.02301425349433082,0.10482180293501048,0.3118279569892473,0.17062314540059348,0.43809523809523815,0.007874015748031496,0.0,0.0,0.14020075695244363,0.6821192052980132,0
37,66,23,73,25,1,46,0.06520705156727066,0.17924528301886794,0.6605222734254992,0.6379821958456974,0.4761904761904762,0.023622047244094488,0.06666666666666667,0.0,0.4775382590093797,0.7086092715231788,0
37,66,2,17,116,1,46,0.06520705156727066,0.14675052410901468,0.33579109062980034,0.2017804154302671,0.43809523809523815,0.05511811023622047,0.13333333333333336,0.0,0.3064011847951292,0.847682119205298,0
37,53,125,73,28,53,16,0.08822130506160147,0.12997903563941302,0.3459293394777265,0.18743818001978246,0.42857142857142866,0.05511811023622047,0.13333333333333336,0.0,0.2224781964785256,0.7218543046357616,0
37,53,18,73,25,53,46,0.08822130506160147,0.12159329140461217,0.282642089093702,0.14094955489614247,0.5428571428571427,0.007874015748031496,0.0,0.0,0.14020075695244363,0.814569536423841,4
37,66,125,17,25,3,46,0.053699924820105244,0.08805031446540881,0.30568356374807987,0.1572700296735905,0.3904761904761905,0.007874015748031496,0.0,0.0,0.16488398881026822,0.8543046357615893,0
37,66,18,73,25,5,46,0.03452138024149623,0.12473794549266248,0.3072196620583717,0.15974282888229474,0.4761904761904762,0.007874015748031496,0.0,0.0,0.17475728155339806,0.814569536423841,0
37,66,18,73,116,3,46,0.08822130506160147,0.14570230607966458,0.3450076804915515,0.19535113748763605,0.4761904761904762,0.05511811023622047,0.13333333333333336,0.0,0.30475563600460753,0.814569536423841,0
37,4,1,17,25,8,4,0.019178544578609017,0.2851153039832285,0.365284178187404,0.19287833827893175,0.4761904761904762,0.023622047244094488,0.0,0.0,0.25538917228895835,1.0,0
37,66,18,17,16,1,4,0.011507126747165409,0.10901467505241091,0.2519201228878648,0.13353115727002968,0.6095238095238096,0.0,0.33333333333333337,0.0,0.08260654928418629,0.9867549668874172,0
37,53,2,17,25,53,46,0.053699924820105244,0.13522012578616352,0.31643625192012287,0.16815034619188923,0.5333333333333332,0.0,0.0,0.0,0.18133947671548462,0.9867549668874172,0
37,53,18,17,16,53,46,0.011507126747165409,0.09853249475890985,0.24976958525345622,0.12858555885262118,0.5428571428571427,0.007874015748031496,0.0,0.0,0.08260654928418629,0.8543046357615893,0
37,53,18,73,25,53,46,0.019178544578609017,0.12159329140461217,0.282642089093702,0.14094955489614247,0.5428571428571427,0.007874015748031496,0.0,0.0,0.14020075695244363,0.814569536423841,0
37,66,23,73,25,3,3,0.04986421590438345,0.5052410901467506,0.65284178187404,0.6538081107814046,0.5999999999999999,0.023622047244094488,0.0,0.0,0.4619055454994241,0.9602649006622517,0
37,66,18,73,116,3,46,0.08822130506160147,0.12473794549266248,0.3072196620583717,0.15974282888229474,0.4761904761904762,0.05511811023622047,0.13333333333333336,0.0,0.17475728155339806,0.814569536423841,0
37,53,18,17,16,53,4,0.007671417831443608,0.09748427672955975,0.24854070660522276,0.12858555885262118,0.5428571428571427,0.0,0.0,0.0,0.08260654928418629,0.8543046357615893,5
37,53,18,73,25,53,46,0.08822130506160147,0.12159329140461217,0.282642089093702,0.14094955489614247,0.5428571428571427,0.007874015748031496,0.0,0.0,0.14020075695244363,0.814569536423841,4
37,53,125,73,28,53,22,0.06137134265154885,0.12997903563941302,0.3456221198156682,0.18743818001978246,0.42857142857142866,0.05511811023622047,0.13333333333333336,0.0,0.21178212934013493,0.814569536423841,4
37,66,18,17,25,5,4,0.026849962410052625,0.09643605870020965,0.3379416282642089,0.23738872403560835,0.2380952380952382,0.007874015748031496,0.0,0.0,0.14020075695244363,0.8543046357615893,0
37,66,2,17,25,5,46,0.053699924820105244,0.13522012578616352,0.31735791090629806,0.17309594460929772,0.5714285714285714,0.0,0.0,0.0,0.2636169162415666,0.9867549668874172,0
37,4,23,17,25,1,46,0.053699924820105244,0.350104821802935,0.5253456221198156,0.4549950544015826,0.43809523809523815,0.023622047244094488,0.06666666666666667,0.0,0.3541220997202567,0.9867549668874172,0
37,53,18,73,25,53,46,0.011507126747165409,0.12159329140461217,0.282642089093702,0.14094955489614247,0.5428571428571427,0.007874015748031496,0.0,0.0,0.14020075695244363,0.814569536423841,0
37,66,18,17,25,5,46,0.03452138024149623,0.12997903563941302,0.3102918586789554,0.17309594460929772,0.46666666666666673,0.0,0.0,0.0,0.14020075695244363,0.966887417218543,0
37,66,18,17,25,3,46,0.026849962410052625,0.12473794549266248,0.282642089093702,0.14193867457962417,0.5714285714285714,0.007874015748031496,0.0,0.0,0.14020075695244363,0.8675496688741722,0
37,66,125,17,116,3,46,0.053699924820105244,0.09433962264150944,0.30414746543778803,0.1533135509396637,0.3714285714285714,0.023622047244094488,0.06666666666666667,0.0,0.16488398881026822,0.9470198675496688,0
37,4,23,17,25,8,46,0.046028506988661635,0.34486373165618456,0.5219662058371736,0.4436201780415431,0.5333333333333332,0.023622047244094488,0.0,0.0,0.3500082277439526,0.847682119205298,0
37,4,23,73,25,8,46,0.1112355585559323,0.34360587002096443,0.5342549923195085,0.44015825914935713,0.4476190476190475,0.05511811023622047,0.06666666666666667,0.0,0.33931216060556196,0.814569536423841,0
37,66,1,17,25,5,46,0.046028506988661635,0.08805031446540881,0.2964669738863287,0.1533135509396637,0.3428571428571428,0.007874015748031496,0.0,0.0,0.14842850090505183,0.9867549668874172,0
37,66,18,73,25,5,46,0.053699924820105244,0.17924528301886794,0.3379416282642089,0.19287833827893175,0.5809523809523809,0.023622047244094488,0.06666666666666667,0.0,0.3870330755306895,0.7086092715231788,0
37,66,18,73,25,5,46,0.053699924820105244,0.14570230607966458,0.3450076804915515,0.19535113748763605,0.4761904761904762,0.007874015748031496,0.0,0.0,0.30475563600460753,0.814569536423841,0
37,66,23,73,25,3,3,0.06520705156727066,0.5052410901467506,0.65284178187404,0.6538081107814046,0.5999999999999999,0.05511811023622047,0.06666666666666667,0.0,0.4619055454994241,0.9602649006622517,0
37,66,2,17,116,3,46,0.07671417831443607,0.14465408805031446,0.33579109062980034,0.20969337289812073,0.43809523809523815,0.023622047244094488,0.06666666666666667,0.0,0.197794964620701,0.9867549668874172,0
37,4,23,73,25,8,3,0.07287846939871427,0.5387840670859538,0.663594470046083,0.6824925816023739,0.5523809523809522,0.023622047244094488,0.06666666666666667,0.0,0.4619055454994241,0.847682119205298,0
37,66,18,17,25,5,46,0.019178544578609017,0.10377358490566038,0.312442396313364,0.16419386745796244,0.42857142857142866,0.007874015748031496,0.0,0.0,0.14020075695244363,0.7218543046357616,0
161,19,125,73,116,10,21,0.10049173788299554,0.5220125786163522,0.6460829493087558,0.6320474777448073,0.25714285714285706,0.2440944881889764,0.33333333333333337,0.0,0.6338653941089354,0.02649006622516556,0
161,19,125,73,116,9,46,0.14283796431256424,0.4937106918238994,0.6460829493087558,0.6320474777448073,0.2,0.2440944881889764,0.4666666666666667,0.0,0.6338653941089354,0.052980132450331126,0
161,66,125,73,116,23,16,0.02185586940178284,0.18238993710691825,0.36989247311827955,0.19732937685459945,0.380952380952381,0.2440944881889764,0.2,0.0,0.3870330755306895,0.033112582781456956,0
161,53,125,73,116,53,11,0.14115025238964665,0.22431865828092243,0.3827956989247312,0.2072205736894165,0.5999999999999999,0.2440944881889764,0.33333333333333337,0.0,0.33355273983873623,0.052980132450331126,0
161,53,125,106,116,53,16,0.06865918959142028,0.17714884696016772,0.365284178187404,0.198813056379822,0.3333333333333334,0.2440944881889764,0.33333333333333337,0.0,0.3870330755306895,0.059602649006622516,0
161,66,125,73,116,23,11,0.017065068966046305,0.1729559748427673,0.3791090629800308,0.1948565776458952,0.3904761904761905,0.11811023622047244,0.2,0.0,0.3870330755306895,0.06622516556291391,0
161,19,125,106,4,9,4,0.16685333783389847,0.1719077568134172,0.36036866359447006,0.19090009891196835,0.3333333333333334,0.2440944881889764,0.4666666666666667,0.0,0.3788053315780813,0.01986754966887417,0
161,53,125,106,116,53,4,0.3164459855470488,0.20125786163522014,0.3649769585253456,0.19584569732937684,0.40952380952380946,0.49606299212598426,0.7333333333333334,0.0,0.3870330755306895,0.0728476821192053,0
161,53,125,106,116,53,4,0.26351320251008786,0.1719077568134172,0.3514592933947773,0.18694362017804156,0.3238095238095238,0.49606299212598426,0.7333333333333334,0.0,0.3788053315780813,0.0728476821192053,0
161,19,125,73,116,10,16,0.0444903877134572,0.17924528301886794,0.36989247311827955,0.19732937685459945,0.3619047619047619,0.2440944881889764,0.33333333333333337,0.0,0.3870330755306895,0.03973509933774834,0
161,66,125,73,116,2,5,0.548655967595931,0.7253668763102725,0.8675883256528416,0.8437190900098913,0.14285714285714296,0.49606299212598426,0.7333333333333334,0.0,0.8971532005923977,0.03973509933774834,0
161,19,27,106,2,10,16,0.07498810930236126,0.039308176100628936,0.007373271889400901,0.03956478733926805,0.638095238095238,0.11811023622047244,0.06666666666666667,0.0,0.012259338489386207,0.033112582781456956,1
161,19,125,73,116,10,16,0.054048974331435934,0.17924528301886794,0.36989247311827955,0.19732937685459945,0.3619047619047619,0.2440944881889764,0.33333333333333337,0.0,0.3870330755306895,0.033112582781456956,0
161,66,125,73,116,7,11,0.01495542906239931,0.17714884696016772,0.38341013824884795,0.198813056379822,0.46666666666666673,0.11811023622047244,0.2,0.0,0.3870330755306895,0.03973509933774834,0
161,66,125,73,116,2,5,0.40044417509244057,0.6981132075471698,0.8672811059907835,0.8432245301681504,0.11428571428571427,0.2440944881889764,0.7333333333333334,0.0,0.9300641764028305,0.01986754966887417,0
161,66,125,73,116,7,11,0.011507126747165409,0.17714884696016772,0.38341013824884795,0.198813056379822,0.46666666666666673,0.11811023622047244,0.2,0.0,0.3870330755306895,0.03973509933774834,0
161,53,125,106,1,53,4,0.6942633137456464,0.22012578616352202,0.34992319508448544,0.5173095944609298,0.09523809523809529,1.0,1.0,0.0,0.3376666118150403,0.033112582781456956,0
161,53,125,73,116,53,21,0.32219954892063146,0.6855345911949685,0.6110599078341014,0.6538081107814046,0.5999999999999999,0.2440944881889764,0.33333333333333337,0.0,0.8066480171137075,0.052980132450331126,0
161,66,125,73,116,23,11,0.017567546834005857,0.16561844863731656,0.3791090629800308,0.1948565776458952,0.3523809523809523,0.11811023622047244,0.2,0.0,0.3870330755306895,0.02649006622516556,0
161,66,125,73,116,2,21,0.051087807048498704,0.47274633123689724,0.6546850998463902,0.6463897131552918,0.28571428571428575,0.2440944881889764,0.33333333333333337,0.0,0.5548790521638968,0.01986754966887417,0
161,66,125,73,116,23,16,0.042342390720652975,0.1729559748427673,0.36989247311827955,0.19732937685459945,0.380952380952381,0.2440944881889764,0.2,0.0,0.3870330755306895,0.059602649006622516,0
161,66,125,73,116,23,16,0.02991852954263007,0.1719077568134172,0.36989247311827955,0.19732937685459945,0.3428571428571428,0.2440944881889764,0.2,0.0,0.3870330755306895,0.01986754966887417,0
161,19,125,73,116,10,16,0.05139849947067217,0.18238993710691825,0.36866359447004604,0.19535113748763605,0.3619047619047619,0.2440944881889764,0.2,0.0,0.3870330755306895,0.059602649006622516,0
161,66,125,73,116,23,16,0.026849962410052625,0.1729559748427673,0.36989247311827955,0.19732937685459945,0.380952380952381,0.2440944881889764,0.2,0.0,0.3870330755306895,0.06622516556291391,0
161,66,125,73,116,23,11,0.008626509351458336,0.16561844863731656,0.3791090629800308,0.1948565776458952,0.3523809523809523,0.11811023622047244,0.2,0.0,0.3870330755306895,0.01324503311258278,0
161,66,125,73,116,23,21,0.046028506988661635,0.32389937106918243,0.5130568356374808,0.4287833827893176,0.3904761904761905,0.11811023622047244,0.2,0.0,0.39526081948329767,0.01986754966887417,0
161,66,125,73,116,23,11,0.062249719993249145,0.16561844863731656,0.3791090629800308,0.1948565776458952,0.3523809523809523,0.11811023622047244,0.2,0.0,0.3870330755306895,0.01324503311258278,0
161,19,125,106,4,9,4,0.33038111603786613,0.16876310272536688,0.3720430107526882,0.16765578635014844,0.28571428571428575,0.2440944881889764,0.4666666666666667,0.0,0.30475563600460753,0.033112582781456956,0
161,66,125,73,116,2,5,0.2592900869938782,0.4643605870020965,0.644546850998464,0.6295746785361029,0.15238095238095234,0.2440944881889764,0.7333333333333334,0.0,0.6667763699193682,0.01986754966887417,0
161,66,125,73,116,23,11,0.02086242079261089,0.1729559748427673,0.3791090629800308,0.1948565776458952,0.3904761904761905,0.11811023622047244,0.2,0.0,0.3870330755306895,0.06622516556291391,0
161,66,125,73,116,23,11,0.01826948156558295,0.1729559748427673,0.3788018433179724,0.1943620178041543,0.3904761904761905,0.11811023622047244,0.2,0.0,0.3870330755306895,0.06622516556291391,0
161,19,125,73,116,9,46,0.20635730395691732,0.6687631027253669,0.7883256528417819,0.7749752720079129,0.2,0.2440944881889764,0.4666666666666667,0.0,0.8058252427184467,0.052980132450331126,0
161,53,125,106,116,53,4,0.20328873682433987,0.14255765199161427,0.31612903225806455,0.1607319485657765,0.31428571428571433,0.2440944881889764,0.7333333333333334,0.0,0.30475563600460753,0.0728476821192053,0
161,19,125,106,116,9,3,0.09297374840818079,0.16142557651991615,0.36251920122887865,0.1943620178041543,0.31428571428571433,0.2440944881889764,0.4666666666666667,0.0,0.3870330755306895,0.046357615894039736,0
161,19,125,106,116,9,3,0.06558678674992711,0.16142557651991615,0.36251920122887865,0.1943620178041543,0.31428571428571433,0.2440944881889764,0.4666666666666667,0.0,0.3870330755306895,0.052980132450331126,0
161,19,125,73,116,10,16,0.03988753701459104,0.18238993710691825,0.36989247311827955,0.19732937685459945,0.380952380952381,0.2440944881889764,0.2,0.0,0.3870330755306895,0.033112582781456956,0
161,19,125,106,4,9,5,0.11852340549580372,0.1960167714884696,0.36251920122887865,0.1943620178041543,0.3904761904761905,0.2440944881889764,0.4666666666666667,0.0,0.3623498436728649,0.03973509933774834,0
1,66,125,73,116,23,11,0.02301425349433082,0.18134171907756813,0.3791090629800308,0.1948565776458952,0.40952380952380946,0.2440944881889764,0.2,0.0,0.46931051505677146,0.059602649006622516,0
161,19,125,73,116,10,16,0.032388726084354905,0.1740041928721174,0.36989247311827955,0.19732937685459945,0.3428571428571428,0.2440944881889764,0.2,0.0,0.3870330755306895,0.02649006622516556,0
161,19,125,73,116,10,16,0.03255366156773094,0.1740041928721174,0.36989247311827955,0.19732937685459945,0.3428571428571428,0.2440944881889764,0.2,0.0,0.3870330755306895,0.01986754966887417,0
161,19,125,73,116,10,16,0.02301425349433082,0.1740041928721174,0.36989247311827955,0.19732937685459945,0.3428571428571428,0.2440944881889764,0.2,0.0,0.3870330755306895,0.01324503311258278,0
161,19,125,106,116,9,16,0.08361845436273531,0.18029350104821804,0.36313364055299535,0.19535113748763605,0.3333333333333334,0.2440944881889764,0.33333333333333337,0.0,0.3870330755306895,0.059602649006622516,0
161,53,125,106,116,53,1,0.9999999999999999,0.2966457023060797,0.3539170506912442,0.8709198813056381,0.0,1.0,1.0,0.0,0.4363995392463387,0.0,0
161,19,125,106,4,9,4,0.3218159780290593,0.169811320754717,0.37695852534562213,0.18397626112759646,0.24761904761904768,0.49606299212598426,0.7333333333333334,0.0,0.32943886786243215,0.033112582781456956,0
161,53,125,106,116,53,4,0.5676849195268269,0.19811320754716982,0.3514592933947773,0.5202769535113749,0.028571428571428636,0.49606299212598426,0.7333333333333334,0.0,0.3376666118150403,0.033112582781456956,0
161,66,125,73,116,2,5,0.38279991408012026,0.5712788259958071,0.7416282642089093,0.728981206726014,0.16190476190476183,0.49606299212598426,0.7333333333333334,0.0,0.8058252427184467,0.03973509933774834,0
161,53,125,106,116,53,1,0.22592325513601424,0.14360587002096437,0.35084485407066046,0.18595450049455986,0.18095238095238092,0.49606299212598426,0.7333333333333334,0.0,0.29652789205199936,0.046357615894039736,0
161,19,27,106,2,10,16,0.06627721435475704,0.008385744234800839,0.006144393241167417,0.028189910979228516,0.4476190476190475,0.05511811023622047,0.06666666666666667,0.0,0.011436564094125391,0.033112582781456956,1
161,53,125,73,116,53,3,0.06137134265154885,0.16142557651991615,0.3683563748079878,0.1904055390702275,0.3714285714285714,0.2440944881889764,0.4666666666666667,0.0,0.3870330755306895,0.03973509933774834,0
161,66,125,73,116,23,11,0.0444903877134572,0.18134171907756813,0.3791090629800308,0.1948565776458952,0.40952380952380946,0.2440944881889764,0.2,0.0,0.46931051505677146,0.06622516556291391,0
161,50,27,106,16,16,7,0.1035641407244887,0.017085953878406702,0.0030721966205837226,0.0,0.6476190476190475,0.05511811023622047,0.0,0.0,0.0009873292743129806,0.11920529801324503,9
161,50,27,106,1,37,10,0.13041410313454133,0.47274633123689724,0.6285714285714286,0.6998021760633037,0.29523809523809524,0.2440944881889764,0.33333333333333337,0.0,0.3870330755306895,0.059602649006622516,8
161,50,27,106,4,37,4,0.5331635392853307,0.579664570230608,0.7299539170506913,0.87784371909001,0.11428571428571427,0.49606299212598426,0.7333333333333334,0.0,0.822280730623663,0.01324503311258278,8
161,50,27,106,16,16,5,0.2834588888718413,0.009014675052410902,0.006144393241167417,0.00494559841740852,0.5523809523809522,0.11811023622047244,0.33333333333333337,0.0,0.3870330755306895,0.01986754966887417,9
161,50,125,106,28,37,10,0.2823081761971247,0.18134171907756813,0.3244239631336405,0.165677546983185,0.41904761904761917,0.2440944881889764,0.4666666666666667,0.0,0.2703636662827053,0.03973509933774834,7
161,50,125,106,28,37,11,0.16071236785982787,0.18343815513626835,0.35913978494623655,0.19683481701285854,0.3714285714285714,0.2440944881889764,0.33333333333333337,0.0,0.3362678953430969,0.0728476821192053,7
161,50,125,106,28,37,11,0.11353698390536539,0.18553459119496857,0.35883256528417823,0.1983184965380811,0.3714285714285714,0.2440944881889764,0.33333333333333337,0.0,0.331331248971532,0.11920529801324503,7
161,50,125,106,28,37,11,0.1456763889101984,0.1519916142557652,0.3182795698924731,0.16617210682492584,0.3714285714285714,0.2440944881889764,0.33333333333333337,0.0,0.25119302287312817,0.0728476821192053,7
161,50,27,106,28,37,10,0.2071282814489774,0.27987421383647804,0.4651305683563748,0.4787339268051435,0.2285714285714286,0.2440944881889764,0.4666666666666667,0.0,0.3934507158137239,0.033112582781456956,8
161,50,125,106,28,37,11,0.2147958635715053,0.18134171907756813,0.35913978494623655,0.19683481701285854,0.3714285714285714,0.2440944881889764,0.4666666666666667,0.0,0.3602106302451868,0.03973509933774834,7
161,50,125,106,28,37,10,0.16109593875140005,0.22431865828092243,0.3585253456221198,0.19584569732937684,0.380952380952381,0.2440944881889764,0.33333333333333337,0.0,0.331331248971532,0.11920529801324503,7
161,50,27,106,116,37,10,0.3413780934992405,0.6194968553459119,0.7268817204301076,0.8748763600395649,0.2095238095238095,0.2440944881889764,0.4666666666666667,0.0,0.7741484285009052,0.06622516556291391,8
161,50,125,106,28,37,10,0.42004848336069467,0.18867924528301888,0.32565284178187404,0.16765578635014844,0.46666666666666673,0.49606299212598426,0.7333333333333334,0.0,0.3045910811255554,0.01986754966887417,7
161,50,27,106,16,16,7,0.06482348067569847,0.0004192872117400395,0.0,0.0,0.6476190476190475,0.11811023622047244,0.33333333333333337,0.0,0.3870330755306895,0.01986754966887417,9
161,50,27,106,16,16,5,0.2834588888718413,0.03731656184486373,0.015360983102918585,0.029673590504451036,0.7714285714285714,0.11811023622047244,0.33333333333333337,0.0,0.02493006417640283,0.01986754966887417,9
161,50,27,106,4,37,4,0.5715206284425487,0.579664570230608,0.7299539170506913,0.87784371909001,0.11428571428571427,0.49606299212598426,0.4666666666666667,0.0,0.822280730623663,0.06622516556291391,8
161,50,125,106,28,37,11,0.20520659128220078,0.1509433962264151,0.3182795698924731,0.16617210682492584,0.3714285714285714,0.2440944881889764,0.4666666666666667,0.0,0.26863584005265756,0.03973509933774834,7
161,50,125,106,28,37,11,0.12619482332724735,0.22431865828092243,0.35883256528417823,0.1983184965380811,0.3619047619047619,0.2440944881889764,0.33333333333333337,0.0,0.3337172947177884,0.17880794701986755,7
161,50,27,106,16,16,7,0.1879497368703684,0.0370020964360587,0.015360983102918585,0.029673590504451036,1.0,0.05511811023622047,0.33333333333333337,0.0,0.02024025012341616,0.11920529801324503,9
161,50,125,106,28,37,10,0.46740030992528037,0.2169811320754717,0.3668202764976959,0.1978239366963403,0.46666666666666673,0.49606299212598426,0.7333333333333334,0.0,0.372469968734573,0.01986754966887417,7
161,50,27,106,116,37,10,0.3413780934992405,0.6184486373165619,0.7268817204301076,0.8748763600395649,0.2095238095238095,0.2440944881889764,0.4666666666666667,0.0,0.7741484285009052,0.059602649006622516,8
161,50,125,106,116,37,10,0.1879497368703684,0.4559748427672956,0.6254992319508448,0.6948565776458953,0.2095238095238095,0.11811023622047244,0.4666666666666667,0.0,0.6009544182985026,0.15894039735099336,8
161,50,125,106,28,37,10,0.14192122988170675,0.47274633123689724,0.6285714285714286,0.6998021760633037,0.29523809523809524,0.11811023622047244,0.2,0.0,0.6014480829356591,0.11258278145695363,8
161,50,125,106,28,37,10,0.2309096767264526,0.20440251572327045,0.35606758832565283,0.19139465875370926,0.41904761904761917,0.49606299212598426,0.4666666666666667,0.0,0.34103998683560965,0.0728476821192053,7
161,50,27,106,28,37,10,0.282373383248692,0.14570230607966458,0.34470046082949307,0.18150346191889222,0.16190476190476183,0.49606299212598426,0.7333333333333334,0.0,0.23473753496791178,0.01986754966887417,7
161,50,125,106,28,37,11,0.08016631633858569,0.12054507337526205,0.26881720430107525,0.12957467853610288,0.3619047619047619,0.2440944881889764,0.2,0.0,0.17623827546486753,0.17880794701986755,7
161,50,27,106,16,16,1,0.16876735658284364,0.037106918238993716,0.015360983102918585,0.029673590504451036,1.0,0.11811023622047244,0.33333333333333337,0.0,0.02205035379298996,0.0728476821192053,9
161,50,27,106,16,16,7,0.04986421590438345,0.00733752620545073,0.0,0.0,0.6476190476190475,0.05511811023622047,0.0,0.0,0.0,0.11920529801324503,9
161,50,125,106,116,37,1,0.5331635392853307,0.6876310272536688,0.7268817204301076,0.8748763600395649,0.2380952380952382,0.2440944881889764,0.4666666666666667,0.0,0.8607865723218694,0.11258278145695363,8
161,50,27,106,4,37,4,0.4372708163922856,0.4381551362683438,0.6319508448540706,0.6899109792284868,0.13333333333333336,0.49606299212598426,0.4666666666666667,0.0,0.6470297844331085,0.06622516556291391,8
161,50,125,106,28,37,11,0.10156957208831335,0.1530398322851153,0.31551459293394774,0.165677546983185,0.3714285714285714,0.2440944881889764,0.33333333333333337,0.0,0.24543360210630244,0.11920529801324503,7
161,50,27,106,116,37,10,0.24548537060619544,0.45492662473794554,0.6254992319508448,0.6948565776458953,0.2095238095238095,0.2440944881889764,0.4666666666666667,0.0,0.6014480829356591,0.059602649006622516,8
161,50,27,106,16,16,7,0.1073998496402105,0.0062893081761006275,0.0030721966205837226,0.0,0.6476190476190475,0.05511811023622047,0.0,0.0,0.0009873292743129806,0.11920529801324503,9
161,50,125,106,116,37,10,0.37973518265645856,0.46121593291404617,0.6254992319508448,0.6948565776458953,0.19047619047619052,0.2440944881889764,0.4666666666666667,0.0,0.5958532170478855,0.11258278145695363,8
161,50,27,106,16,16,5,0.09355294045445478,0.003459119496855345,0.006144393241167417,0.00494559841740852,0.5523809523809522,0.11811023622047244,0.33333333333333337,0.0,0.0025506006253085377,0.03973509933774834,9
161,50,27,106,16,16,7,0.21863540819614283,0.017085953878406702,0.0030721966205837226,0.0,0.6476190476190475,0.11811023622047244,0.33333333333333337,0.0,0.0009873292743129806,0.0728476821192053,9
161,50,27,106,16,16,5,0.11363671233717414,0.0038784067085953847,0.006144393241167417,0.00494559841740852,0.5523809523809522,0.11811023622047244,0.33333333333333337,0.0,0.3870330755306895,0.01986754966887417,9
161,50,27,106,16,16,5,0.16838762140018718,0.008805031446540879,0.006144393241167417,0.00494559841740852,0.5523809523809522,0.11811023622047244,0.33333333333333337,0.0,0.0025506006253085377,0.03973509933774834,9
161,50,27,106,16,16,7,0.1073998496402105,0.0061844863731656124,0.0030721966205837226,0.0,0.6476190476190475,0.11811023622047244,0.33333333333333337,0.0,0.0009873292743129806,0.0728476821192053,9
161,50,125,106,28,37,11,0.15534621108673305,0.14779874213836477,0.31551459293394774,0.165677546983185,0.3714285714285714,0.2440944881889764,0.4666666666666667,0.0,0.30516702320223793,0.06622516556291391,7
161,50,125,106,28,37,10,0.18027831903892477,0.16876310272536688,0.31520737327188936,0.1612265084075173,0.41904761904761917,0.2440944881889764,0.4666666666666667,0.0,0.24502221490867204,0.0728476821192053,7
161,50,27,106,4,37,4,0.3989137272350676,0.4381551362683438,0.6319508448540706,0.6899109792284868,0.13333333333333336,0.49606299212598426,0.7333333333333334,0.0,0.6470297844331085,0.01324503311258278,8
161,50,125,106,28,37,10,0.1879497368703684,0.27987421383647804,0.4651305683563748,0.4787339268051435,0.2285714285714286,0.11811023622047244,0.2,0.0,0.3934507158137239,0.17880794701986755,8
161,50,27,106,116,37,10,0.24548537060619544,0.4570230607966457,0.6254992319508448,0.6948565776458953,0.2095238095238095,0.2440944881889764,0.4666666666666667,0.0,0.6014480829356591,0.06622516556291391,8
161,50,125,106,28,37,10,0.30590162173772956,0.21069182389937108,0.3655913978494624,0.19584569732937684,0.41904761904761917,0.49606299212598426,0.4666666666666667,0.0,0.3611156820799737,0.03973509933774834,7
161,50,125,106,28,37,11,0.08087975819690996,0.15513626834381553,0.31551459293394774,0.165677546983185,0.3619047619047619,0.2440944881889764,0.2,0.0,0.24222478196478525,0.17880794701986755,7
161,50,125,106,28,37,1,0.03451754453258052,0.12368972746331239,0.29001536098310293,0.14490603363006926,0.3238095238095238,0.11811023622047244,0.2,0.0,0.1416817508639131,0.15894039735099336,7
161,50,125,106,28,37,10,0.14000337542384583,0.18867924528301888,0.31797235023041476,0.165677546983185,0.380952380952381,0.2440944881889764,0.33333333333333337,0.0,0.23893368438374196,0.11920529801324503,7
161,50,125,106,28,37,10,0.2819246053055525,0.15828092243186584,0.3244239631336405,0.165677546983185,0.3904761904761905,0.49606299212598426,0.4666666666666667,0.0,0.2794141846305743,0.01986754966887417,7
161,50,125,106,28,37,11,0.11967028246160456,0.18658280922431866,0.31551459293394774,0.165677546983185,0.3619047619047619,0.2440944881889764,0.33333333333333337,0.0,0.2302945532335034,0.17880794701986755,7
161,53,125,73,116,53,22,0.08822130506160147,0.169811320754717,0.365284178187404,0.1894164193867458,0.3428571428571428,0.2440944881889764,0.4666666666666667,0.0,0.5515879545828535,0.0,0
161,66,125,106,116,5,22,0.08967503874066005,0.1519916142557652,0.35944700460829493,0.1810089020771513,0.3238095238095238,0.49606299212598426,0.4666666666666667,0.0,0.40595688662168833,0.052980132450331126,0
161,66,125,73,116,7,21,0.007671417831443608,0.16771488469601678,0.37788018433179726,0.19287833827893175,0.380952380952381,0.11811023622047244,0.2,0.0,0.4084252098074708,0.01986754966887417,0
161,53,125,106,116,53,4,0.18411402795464657,0.18763102725366876,0.3474654377880184,0.17804154302670627,0.3904761904761905,0.49606299212598426,0.7333333333333334,0.0,0.5515879545828535,0.01324503311258278,0
161,53,125,106,116,53,4,0.37168019393344276,0.20230607966457023,0.36006144393241163,0.18298714144411476,0.41904761904761917,0.49606299212598426,0.7333333333333334,0.0,0.5598156985354616,0.01324503311258278,0
161,53,125,106,116,53,22,0.13808552096598495,0.18658280922431866,0.3450076804915515,0.18150346191889222,0.3714285714285714,0.49606299212598426,0.7333333333333334,0.0,0.5680434424880698,0.03973509933774834,0
161,53,23,106,116,53,21,0.057535633735827055,0.4706498951781971,0.6860215053763441,0.6399604352126608,0.27619047619047615,0.2440944881889764,0.33333333333333337,0.0,0.65854862596676,0.059602649006622516,0
161,4,23,106,3,8,22,0.0,0.0031446540880503138,0.005222734254992312,0.010880316518298738,0.5809523809523809,0.2440944881889764,0.33333333333333337,0.0,0.005265756129669244,0.00662251655629139,6
161,66,125,73,116,7,21,0.026849962410052625,0.18134171907756813,0.36866359447004604,0.18595450049455986,0.42857142857142866,0.2440944881889764,0.33333333333333337,0.0,0.41171630738851406,0.03973509933774834,0
161,53,125,106,116,53,21,0.03068567132577443,0.18867924528301888,0.3775729646697389,0.19188921859545005,0.40952380952380946,0.2440944881889764,0.33333333333333337,0.0,0.5104492348198125,0.01986754966887417,0
161,53,125,73,116,53,21,0.03452138024149623,0.4926624737945493,0.6540706605222734,0.6454005934718101,0.3238095238095238,0.2440944881889764,0.2,0.0,0.8066480171137075,0.059602649006622516,0
161,53,125,106,116,53,22,0.18449759884621877,0.18763102725366876,0.35883256528417823,0.1884272997032641,0.39999999999999997,0.49606299212598426,0.7333333333333334,0.0,0.41171630738851406,0.046357615894039736,0
161,53,125,106,116,53,1,0.4925050247786795,0.20020964360587004,0.34654377880184334,0.533630069238378,0.019047619047619035,0.49606299212598426,0.7333333333333334,0.0,0.4545005759420767,0.033112582781456956,0
161,53,125,106,116,53,22,0.09167344308575111,0.16561844863731656,0.3456221198156682,0.1810089020771513,0.3238095238095238,0.49606299212598426,0.4666666666666667,0.0,0.41171630738851406,0.046357615894039736,0
161,66,23,106,116,1,46,0.07671417831443607,0.47589098532494756,0.6608294930875577,0.6829871414441148,0.2095238095238095,0.2440944881889764,0.4666666666666667,0.0,0.8066480171137075,0.052980132450331126,0
161,66,125,73,116,7,21,0.08822130506160147,0.1708595387840671,0.3800307219662058,0.19634025717111775,0.4476190476190475,0.11811023622047244,0.13333333333333336,0.0,0.3870330755306895,0.01986754966887417,0
161,53,125,106,116,53,22,0.09205701397732328,0.1750524109014675,0.3622119815668203,0.1884272997032641,0.3714285714285714,0.49606299212598426,0.4666666666666667,0.0,0.65854862596676,0.01986754966887417,0
161,53,125,106,116,53,22,0.057535633735827055,0.1750524109014675,0.35944700460829493,0.17903066271018797,0.3619047619047619,0.49606299212598426,0.7333333333333334,0.0,0.493993746914596,0.052980132450331126,0
161,4,23,106,3,8,22,0.011507126747165409,0.0,0.0,0.029673590504451036,0.5714285714285714,0.0,0.33333333333333337,0.0,0.016373210465690305,0.06622516556291391,3
161,53,125,106,116,53,22,0.16109977446031576,0.2127882599580713,0.36589861751152075,0.19090009891196835,0.41904761904761917,0.49606299212598426,0.7333333333333334,0.0,0.7984202731610993,0.0,0
161,53,125,4,116,53,21,0.03509673657885451,0.1907756813417191,0.3775729646697389,0.19188921859545005,0.40952380952380946,0.2440944881889764,0.33333333333333337,0.0,0.5104492348198125,0.02649006622516556,0
161,53,125,106,116,53,21,0.03452138024149623,0.1750524109014675,0.3775729646697389,0.19188921859545005,0.40952380952380946,0.49606299212598426,0.2,0.0,0.4034885634359059,0.02649006622516556,0
161,66,125,73,116,7,21,0.08822130506160147,0.16771488469601678,0.37788018433179726,0.19287833827893175,0.380952380952381,0.11811023622047244,0.2,0.0,0.4084252098074708,0.01324503311258278,0
161,66,125,73,116,7,21,0.007671417831443608,0.16771488469601678,0.37788018433179726,0.19287833827893175,0.380952380952381,0.2440944881889764,0.2,0.0,0.4084252098074708,0.01324503311258278,0
161,53,125,106,116,53,4,0.36055663807784954,0.22327044025157236,0.36006144393241163,0.18298714144411476,0.43809523809523815,1.0,1.0,0.0,0.5680434424880698,0.06622516556291391,0
161,66,125,106,116,1,4,0.08822130506160147,0.13522012578616352,0.32718894009216587,0.16765578635014844,0.2095238095238095,0.49606299212598426,0.7333333333333334,0.0,0.42817179529373045,0.06622516556291391,0
161,53,125,106,116,53,22,0.11127007993617379,0.1708595387840671,0.3622119815668203,0.1884272997032641,0.3714285714285714,0.49606299212598426,0.4666666666666667,0.0,0.5927266743458944,0.0,0
161,53,23,106,116,53,46,0.09205701397732328,0.5303983228511531,0.7182795698924731,0.7561819980217608,0.2,0.2440944881889764,0.4666666666666667,0.0,0.8066480171137075,0.033112582781456956,0
161,53,125,106,116,53,22,0.1035641407244887,0.18029350104821804,0.3434715821812596,0.17903066271018797,0.3714285714285714,0.49606299212598426,0.7333333333333334,0.0,0.6338653941089354,0.00662251655629139,0
161,4,27,106,3,8,2,0.04219279807293984,0.02620545073375262,0.007066052227342523,0.041048466864490596,0.7047619047619047,0.007874015748031496,0.33333333333333337,0.0,0.018018759256211943,0.01324503311258278,3
161,53,125,106,116,53,21,0.08822130506160147,0.1708595387840671,0.3775729646697389,0.19188921859545005,0.42857142857142866,0.2440944881889764,0.2,0.0,0.5104492348198125,0.02649006622516556,0
161,53,23,106,116,53,46,0.1150712674716541,0.5964360587002097,0.7677419354838709,0.8081107814045501,0.18095238095238092,0.49606299212598426,0.4666666666666667,0.0,1.0,0.033112582781456956,0
161,53,1,4,116,53,46,0.09205701397732328,0.5230607966457023,0.7161290322580646,0.698813056379822,0.2285714285714286,0.49606299212598426,0.4666666666666667,0.0,0.8066480171137075,0.046357615894039736,0
161,66,125,106,116,23,21,0.03068567132577443,0.17924528301886794,0.36866359447004604,0.18595450049455986,0.42857142857142866,0.2440944881889764,0.33333333333333337,0.0,0.46931051505677146,0.052980132450331126,0
161,53,23,106,116,53,46,0.15342835662887216,0.5964360587002097,0.7677419354838709,0.8081107814045501,0.18095238095238092,0.49606299212598426,0.7333333333333334,0.0,1.0,0.01324503311258278,0
161,53,125,106,116,53,22,0.1035641407244887,0.20859538784067086,0.36589861751152075,0.19090009891196835,0.41904761904761917,0.49606299212598426,0.7333333333333334,0.0,0.7984202731610993,0.0,0
161,53,125,106,116,53,21,0.08822130506160147,0.1729559748427673,0.3775729646697389,0.19188921859545005,0.39999999999999997,0.49606299212598426,0.2,0.0,0.4034885634359059,0.03973509933774834,0
161,53,125,106,116,53,22,0.06904276048299246,0.1918238993710692,0.3677419354838709,0.19139465875370926,0.3904761904761905,0.49606299212598426,0.4666666666666667,0.0,0.6338653941089354,0.052980132450331126,0
161,53,125,106,116,53,21,0.09205701397732328,0.1907756813417191,0.3775729646697389,0.19188921859545005,0.40952380952380946,0.2440944881889764,0.33333333333333337,0.0,0.5104492348198125,0.01986754966887417,0
161,66,125,73,116,16,21,0.007671417831443608,0.17610062893081763,0.3683563748079878,0.18694362017804156,0.457142857142857,0.11811023622047244,0.2,0.0,0.4034885634359059,0.02649006622516556,0
161,53,23,73,116,53,46,0.03452138024149623,0.35534591194968557,0.5155145929339477,0.42927794263105834,0.3904761904761905,0.2440944881889764,0.2,0.0,0.5532335033733751,0.033112582781456956,0
161,53,125,106,116,53,2,0.14575693879742854,0.1949685534591195,0.362826420890937,0.1864490603363007,0.4476190476190475,0.49606299212598426,0.7333333333333334,0.0,0.5680434424880698,0.052980132450331126,0
161,66,125,106,116,23,21,0.007671417831443608,0.17924528301886794,0.36866359447004604,0.18595450049455986,0.42857142857142866,0.2440944881889764,0.2,0.0,0.46931051505677146,0.02649006622516556,0
161,66,125,106,116,5,22,0.04219279807293984,0.159853249475891,0.35944700460829493,0.1810089020771513,0.3238095238095238,0.49606299212598426,0.4666666666666667,0.0,0.46931051505677146,0.052980132450331126,0
161,66,125,106,116,23,21,0.04986421590438345,0.16771488469601678,0.37788018433179726,0.19287833827893175,0.380952380952381,0.2440944881889764,0.2,0.0,0.41171630738851406,0.0,0
161,53,125,106,116,53,1,0.08822130506160147,0.18658280922431866,0.37818740399385553,0.18595450049455986,0.28571428571428575,0.49606299212598426,0.7333333333333334,0.0,0.42817179529373045,0.02649006622516556,0
161,53,125,106,116,53,22,0.09589272289304508,0.17819706498951782,0.3450076804915515,0.18150346191889222,0.3714285714285714,0.49606299212598426,0.7333333333333334,0.0,0.5680434424880698,0.03973509933774834,0
161,66,125,106,116,1,22,0.1035641407244887,0.19916142557651992,0.362826420890937,0.1894164193867458,0.3904761904761905,0.49606299212598426,0.7333333333333334,0.0,0.8050024683231859,0.06622516556291391,0
161,53,125,106,116,53,22,0.04219279807293984,0.1750524109014675,0.3622119815668203,0.1884272997032641,0.3714285714285714,0.2440944881889764,0.4666666666666667,0.0,0.65854862596676,0.033112582781456956,0
161,53,125,106,116,53,22,0.14575693879742854,0.18343815513626835,0.3434715821812596,0.17903066271018797,0.3714285714285714,0.49606299212598426,0.7333333333333334,0.0,0.6338653941089354,0.00662251655629139,0
